{
  "best_period_bls": 8.900360764217938,
  "best_duration_bls": 0.33,
  "transit_time_bls": -2453759.6711342195
}