{
  "best_period_bls_astropy": 4.240566349873767,
  "best_period_ls": 0.5299027993152267
}